id,name,passwd,gender,age,position
0,Brian,JEE56FSB5VW,female,22,engineering
1,Chaim,YJD23QTT7OV,male,10,marketing
2,Charlotte,WII25MUE6NF,female,35,sales
3,Anthony,SOG69JYH9SA,male,28,marketing
4,Stephen,KJB26JNE8IJ,male,83,engineering
5,Lance,WEQ57WGR2FZ,female,92,sales
6,Zeus,YEW35YRG2EL,female,50,engineering
7,Reuben,SIJ54ZEF8KX,female,61,support
8,Simon,INW27SQG6HN,male,48,marketing
9,Wallace,CZT82CKU1OZ,male,97,engineering
10,Tanisha,BOT30PQU3HB,male,59,marketing
11,Laith,YBN00GWI3HC,female,86,engineering
12,Barry,LVZ53TXM3OH,male,84,sales
13,Garrison,RKX64LQN6NV,female,83,engineering
14,Uriel,NRA95ZMX7KJ,female,95,support
15,Medge,TUA42XAR3RF,female,20,marketing
16,Alden,BAY67YPF9CC,male,48,engineering
17,Jessamine,TKD51DYK0YC,female,61,marketing
18,Donna,KUH48GCN1RT,female,76,engineering
19,Shafira,VFI66MDV6BG,male,99,sales
20,Ezekiel,BPP43WYF1AT,female,71,engineering
21,Joshua,MLI36RXI1AE,male,9,support
22,Hector,KBS46HXB1WG,female,89,marketing
23,Aidan,PPN00WJS5HB,male,33,engineering
24,Coby,KKP84HGD5EE,male,4,marketing
25,Imelda,AXL65YRO8BH,female,35,engineering
26,Florence,ZRN30DFO4LR,female,64,sales
27,Sheila,URH85SLC6CQ,female,17,engineering
28,Todd,VNG81UFG9KV,female,87,support
29,Kadeem,KMJ11QZT3LV,female,55,marketing
30,Jason,NSJ32QEK3JQ,female,78,engineering
31,Jenna,RQZ01IGH9FB,female,66,marketing
32,Sybil,JFJ98SGC3LM,male,80,engineering
33,Cally,BOQ62PTI9ZQ,male,21,sales
34,Nash,GWO60XOY6VB,male,25,engineering
35,Kyra,TAS75IMU9FD,male,20,support
36,Ramona,VKM02BSI9HH,male,11,marketing
37,Geraldine,PIX33QCZ9PU,male,80,engineering
38,Timon,VZR63ESR2LZ,female,72,marketing
39,Doris,UVQ31OTO1VN,female,43,engineering
40,Eaton,BFE82WMP0FH,female,63,sales
41,Diana,KIO21EPI7IW,male,18,engineering
42,Hammett,APR08WYA7LQ,male,63,support
43,Todd,AGE45SQT8GC,male,58,marketing
44,Willa,LTI43ZOD8ME,male,90,engineering
45,Roary,JNS37XVJ6MD,female,74,marketing
46,Colette,CHE50NAK4ON,female,3,engineering
47,Noah,XYN24GRF1MO,male,99,sales
48,Nero,GSX30CWB5XL,female,46,engineering
49,Zephania,LMS34FQW4HB,male,79,support
50,Malcolm,JTI64GYN3VO,male,74,marketing
51,Alexis,ZEA46STB9KX,female,69,engineering
52,Yasir,AMP32YZS1YF,male,77,marketing
53,Reagan,LMV46VVJ5PK,male,100,engineering
54,Galena,YRI91XIJ8HC,female,23,sales
55,Ferdinand,OZC94YKE7GN,female,87,engineering
56,Vivian,VWH75PSR5AB,female,31,product
57,Carly,LNM95PZA5KE,female,68,marketing
58,Nicole,POQ44YFY5XQ,female,93,engineering
59,Nerea,KFW87IVH9VH,female,24,marketing
60,Jarrod,SXE34VUW7ZV,female,90,engineering
61,Jada,HVD70ANU3JB,female,19,sales
62,Glenna,TKV43ZVU8PR,male,58,engineering
63,Jena,VMY12CVI0JD,female,73,product
64,Clementine,TXO53KZR3UL,female,38,marketing
65,Benjamin,TYO54MRS5NA,male,86,engineering
66,Carolyn,DPJ84YKV3JM,male,18,marketing
67,Tyler,XOA64PGX0YP,male,44,engineering
68,Marny,IHV48EJJ1TE,female,15,sales
69,Martha,EIO08PTJ1ZH,female,92,engineering
70,Tallulah,XJN26ISN5CX,male,87,product
71,Aretha,CAS23HIF8BO,female,4,marketing
72,Shea,HYT13HLY6EM,female,28,engineering
73,Guinevere,TDL81DCM4KS,female,47,marketing
74,Dorothy,HND54WTT1ES,male,36,engineering
75,Christian,WQO67ZMX1PK,male,1,sales
76,Boris,VMK19NRL3KE,male,60,engineering
77,Teagan,GYC15RUJ6GG,male,86,product
78,Mollie,JWU13EHH6YS,female,37,marketing
79,Travis,PZV89XZN5TW,female,2,engineering
80,Bree,BWU47PPB7WJ,female,83,marketing
81,Beau,NEA11VZB7YO,female,70,engineering
82,Illana,OSO65IAI9PK,male,46,sales
83,Phelan,EHW64WVP6UR,female,75,engineering
84,Devin,SLR21GXT5XB,male,50,product
85,Iris,FYF32BBR8XH,male,69,marketing
86,Yasir,ZLG78YZA1XT,male,81,engineering
87,Roth,GHG42LUL4WD,female,74,marketing
88,Hu,YKK98QQS5QT,male,54,engineering
89,Kadeem,LII66PDW0XI,male,78,sales
90,Jada,XNW89GUU8KM,female,5,engineering
91,Daphne,EPT69BIO6LL,male,37,product
92,Phyllis,FDF06CYP3SJ,female,13,marketing
93,Sharon,REC87VMR9UG,male,26,engineering
94,Melanie,GQK47QNK7MZ,female,19,marketing
95,Genevieve,GIF94HUG1GY,female,7,engineering
96,Carla,PIV89GGS8UD,male,25,sales
97,Brenden,PLM87RVF9PM,female,87,engineering
98,Hilel,CYO62KNF6TX,female,54,product
99,Amanda,BUE62QNY2JE,female,95,marketing